seconds_from_start,x,y,z,finished
0.0,400.0,10.0,368.0,0
0.062,400.0,10.00150203704834,368.0,0
0.125,400.0,10.00150203704834,368.0,0
0.187,400.0,10.00150203704834,368.0,0
0.25,400.0,10.00150203704834,368.0,0
0.312,400.0,10.00150203704834,368.0,0
0.375,400.0,10.00150203704834,368.0,0
0.437,400.0,10.00150203704834,368.0,0
0.687,400.0,10.00150203704834,368.0,0
0.75,400.0,10.00150203704834,368.0,0
0.812,400.0,10.00150203704834,368.0,0
0.875,400.0,10.00150203704834,368.0,0
0.937,400.0,10.00150203704834,368.0,0
1.0,400.0,10.00150203704834,368.0,0
1.062,400.0,10.00150203704834,368.0,0
1.125,400.0,10.00150203704834,368.0,0
1.187,400.0,10.00150203704834,368.0,0
1.25,400.0,10.00150203704834,368.0,0
1.312,400.0,10.00150203704834,368.0,0
1.375,400.0,10.00150203704834,368.0,0
1.437,400.0,10.00150203704834,368.0,0
1.5,400.0,10.00150203704834,368.0,0
1.562,400.0,10.00150203704834,368.0,0
1.625,400.0,10.00150203704834,368.0,0
1.687,400.0,10.00150203704834,368.0,0
1.75,400.0,10.00150203704834,368.0,0
1.812,400.0,10.00150203704834,368.0,0
1.875,400.0,10.00150203704834,368.0,0
1.937,400.0,10.00150203704834,368.0,0
2.0,400.0,10.00150203704834,368.0,0
2.062,400.0,10.00150203704834,368.0,0
2.156,400.0,10.00150203704834,368.0,0
2.953,400.0,10.00150203704834,368.0,0
3.015,400.0,10.00150203704834,368.0,0
3.078,400.0,10.00150203704834,368.0,0
3.14,400.0,10.00150203704834,368.0,0
3.203,400.0,10.00150203704834,368.0,0
3.265,400.0,10.00150203704834,368.0,0
3.328,400.0,10.00150203704834,368.0,0
3.39,400.0,10.00150203704834,368.0,0
3.453,400.0,10.00150203704834,368.0,0
3.515,400.0,10.00150203704834,368.0,0
3.578,400.0,10.00150203704834,368.0,0
3.64,400.0,10.00150203704834,368.0,0
3.703,400.0,10.00150203704834,368.0,0
3.765,400.0,10.00150203704834,368.0,0
3.828,400.0,10.00150203704834,368.0,0
3.89,400.0,10.00150203704834,368.0,0
3.953,400.0,10.00150203704834,368.0,0
4.015,400.0,10.00150203704834,368.0,0
4.078,400.0,10.00150203704834,368.0,0
4.14,400.0,10.00150203704834,368.0,0
4.203,400.0,10.00150203704834,368.0,0
4.265,400.0,10.00150203704834,368.0,0
4.328,400.0,10.00150203704834,368.0,0
4.39,400.0,10.00150203704834,368.0,0
4.453,400.0,10.00150203704834,368.0,0
4.515,400.0,10.00150203704834,368.0,0
4.578,400.0,10.00150203704834,368.0,0
4.64,400.0,10.00150203704834,368.0,0
4.703,400.0,10.00150203704834,368.0,0
4.765,400.0,10.00150203704834,368.0,0
4.828,400.0,10.00150203704834,368.0,0
4.89,400.0,10.00150203704834,368.0,0
4.953,400.0,10.00150203704834,368.0,0
5.015,400.0,10.00150203704834,368.0,0
5.078,400.0,10.00150203704834,368.0,0
5.14,400.0,10.00150203704834,368.0,0
5.203,400.0,10.00150203704834,368.0,0
5.265,400.0,10.00150203704834,368.0,0
5.328,400.0,10.00150203704834,368.0,0
5.39,400.0,10.00150203704834,368.0,0
5.453,400.0,10.00150203704834,368.0,0
5.515,400.0,10.00150203704834,368.0,0
5.578,400.0,10.00150203704834,368.0,0
5.64,400.0,10.00150203704834,368.0,0
5.703,400.0,10.00150203704834,368.0,0
5.765,400.0,10.00150203704834,368.0,0
5.828,400.0,10.00150203704834,368.0,0
5.89,400.0,10.00150203704834,368.0,0
5.953,400.0,10.00150203704834,368.0,0
6.015,400.0,10.00150203704834,368.0,0
6.078,400.0,10.00150203704834,368.0,0
6.14,400.0,10.00150203704834,368.0,0
6.203,400.0,10.00150203704834,368.0,0
6.265,400.0,10.00150203704834,368.0,0
6.328,400.0,10.00150203704834,368.0,0
6.39,400.0,10.00150203704834,368.0,0
6.453,400.0,10.00150203704834,368.0,0
6.515,400.0,10.00150203704834,368.0,0
6.578,400.0,10.00150203704834,368.0,0
6.64,400.0,10.00150203704834,368.0,0
6.703,400.0,10.00150203704834,368.0,0
6.765,400.0,10.00150203704834,368.0,0
6.828,400.0,10.00150203704834,368.0,0
6.89,400.0,10.00150203704834,368.0,0
6.953,400.0,10.00150203704834,368.0,0
7.015,400.0,10.00150203704834,368.0,0
7.078,400.0,10.00150203704834,368.0,0
7.14,400.0,10.00150203704834,368.0,0
7.203,400.0,10.00150203704834,368.0,0
7.265,400.0,10.00150203704834,368.0,0
7.328,400.0,10.00150203704834,368.0,0
7.39,400.0,10.00150203704834,368.0,0
7.453,400.0,10.00150203704834,368.0,0
7.515,400.0,10.00150203704834,368.0,0
7.578,400.0,10.00150203704834,368.0,0
7.64,400.0,10.00150203704834,368.0,0
7.703,400.0,10.00150203704834,368.0,0
7.765,400.0,10.00150203704834,368.0,0
7.828,400.0,10.00150203704834,368.0,0
7.89,400.0,10.00150203704834,368.0,0
7.953,400.0,10.00150203704834,368.0,0
8.015,400.0,10.00150203704834,368.0,0
8.078,400.0,10.00150203704834,368.0,0
8.14,400.0,10.00150203704834,368.0,0
8.203,400.0,10.00150203704834,368.0,0
8.265,400.0,10.00150203704834,368.0,0
8.328,400.0,10.00150203704834,368.0,0
8.39,400.0,10.00150203704834,368.0,0
8.453,400.0,10.00150203704834,368.0,0
8.515,400.0,10.00150203704834,368.0,0
8.578,400.0,10.00150203704834,368.0,0
8.64,400.0,10.00150203704834,368.0,0
8.703,400.0,10.00150203704834,368.0,0
8.765,400.0,10.00150203704834,368.0,0
8.828,400.0,10.00150203704834,368.0,0
8.89,400.0,10.00150203704834,368.0,0
8.953,400.0,10.00150203704834,368.0,0
9.015,400.0,10.00150203704834,368.0,0
9.078,400.0,10.00150203704834,368.0,0
9.14,400.0,10.00150203704834,368.0,0
9.203,400.0,10.00150203704834,368.0,0
9.265,400.0,10.00150203704834,368.0,0
9.328,400.0,10.00150203704834,368.0,0
9.39,400.0,10.00150203704834,368.0,0
9.453,400.0,10.00150203704834,368.0,0
9.515,400.0,10.00150203704834,368.0,0
9.578,400.0,10.00150203704834,368.0,0
9.64,400.0,10.00150203704834,368.0,0
9.703,400.0,10.00150203704834,368.0,0
9.765,400.0,10.00150203704834,368.0,0
9.828,400.0,10.00150203704834,368.0,0
9.89,400.0,10.00150203704834,368.0,0
9.953,400.0,10.00150203704834,368.0,0
10.015,400.0,10.00150203704834,368.0,0
10.078,400.0,10.00150203704834,368.0,0
10.14,400.0,10.00150203704834,368.0,0
10.203,400.0,10.00150203704834,368.0,0
10.265,400.0,10.00150203704834,368.0,0
10.328,400.0,10.00150203704834,368.0,0
10.39,400.0,10.00150203704834,368.0,0
10.453,400.0,10.00150203704834,368.0,0
10.515,400.0,10.00150203704834,368.0,0
10.578,400.0,10.00150203704834,368.0,0
10.64,400.0,10.00150203704834,368.0,0
10.703,400.0,10.00150203704834,368.0,0
10.765,400.0,10.00150203704834,368.0,0
10.828,400.0,10.00150203704834,368.0,0
10.89,400.0,10.00150203704834,368.0,0
10.953,400.0,10.00150203704834,368.0,0
11.015,400.0,10.00150203704834,368.0,0
11.078,400.0,10.00150203704834,368.0,0
11.14,400.0,10.00150203704834,368.0,0
11.203,400.0,10.00150203704834,368.0,0
11.265,400.0,10.00150203704834,368.0,0
11.328,400.0,10.00150203704834,368.0,0
11.39,400.0,10.00150203704834,368.0,0
11.453,400.0,10.00150203704834,368.0,0
11.515,400.0,10.00150203704834,368.0,0
11.578,400.0,10.00150203704834,368.0,0
11.64,400.0,10.00150203704834,368.0,0
11.703,400.0,10.00150203704834,368.0,0
11.765,400.0,10.00150203704834,368.0,0
11.828,400.0,10.00150203704834,368.0,0
11.89,400.0,10.00150203704834,368.0,0
11.953,400.0,10.00150203704834,368.0,0
12.015,400.0,10.00150203704834,368.0,0
12.078,400.0,10.00150203704834,368.0,0
12.14,400.0,10.00150203704834,368.0,0
12.203,400.0,10.00150203704834,368.0,0
12.265,400.0,10.00150203704834,368.0,0
12.328,400.0,10.00150203704834,368.0,0
12.39,400.0,10.00150203704834,368.0,0
12.453,400.0,10.00150203704834,368.0,0
12.515,400.0,10.00150203704834,368.0,0
12.578,400.0,10.00150203704834,368.0,0
12.64,400.0,10.00150203704834,368.0,0
12.703,400.0,10.00150203704834,368.0,0
12.765,400.0,10.00150203704834,368.0,0
12.828,400.0,10.00150203704834,368.0,0
12.89,400.0,10.00150203704834,368.0,0
12.953,400.0,10.00150203704834,368.0,0
13.015,400.0,10.00150203704834,368.0,0
13.078,400.0,10.00150203704834,368.0,0
13.14,400.0,10.00150203704834,368.0,0
13.203,400.0,10.00150203704834,368.0,0
13.265,400.0,10.00150203704834,368.0,0
13.328,400.0,10.00150203704834,368.0,0
13.39,400.0,10.00150203704834,368.0,0
13.453,400.0,10.00150203704834,368.0,0
13.515,400.0,10.00150203704834,368.0,0
13.578,400.0,10.00150203704834,368.0,0
13.64,400.0,10.00150203704834,368.0,0
13.703,400.0,10.00150203704834,368.0,0
13.765,400.0,10.00150203704834,368.0,0
13.828,400.0,10.00150203704834,368.0,0
13.89,400.0,10.00150203704834,368.0,0
13.953,400.0,10.00150203704834,368.0,0
14.015,400.0,10.00150203704834,368.0,0
14.078,400.0,10.00150203704834,368.0,0
14.14,400.0,10.00150203704834,368.0,0
14.203,400.0,10.00150203704834,368.0,0
14.265,400.0,10.00150203704834,368.0,0
14.328,400.0,10.00150203704834,368.0,0
14.39,400.0,10.00150203704834,368.0,0
14.453,400.0,10.00150203704834,368.0,0
14.515,400.0,10.00150203704834,368.0,0
14.578,400.0,10.00150203704834,368.0,0
14.64,400.0,10.00150203704834,368.0,0
14.703,400.0,10.00150203704834,368.0,0
14.765,400.0,10.00150203704834,368.0,0
14.828,400.0,10.00150203704834,368.0,0
14.89,400.0,10.00150203704834,368.0,0
14.953,400.0,10.00150203704834,368.0,0
15.015,400.0,10.00150203704834,368.0,0
15.078,400.0,10.00150203704834,368.0,0
15.14,400.0,10.00150203704834,368.0,0
15.203,400.0,10.00150203704834,368.0,0
15.265,400.0,10.00150203704834,368.0,0
15.328,400.0,10.00150203704834,368.0,0
15.39,400.0,10.00150203704834,368.0,0
15.453,400.0,10.00150203704834,368.0,0
15.515,400.0,10.00150203704834,368.0,0
15.578,400.0,10.00150203704834,368.0,0
15.64,400.0,10.00150203704834,368.0,0
15.703,400.0,10.00150203704834,368.0,0
15.765,400.0,10.00150203704834,368.0,0
15.828,400.0,10.00150203704834,368.0,0
15.89,400.0,10.00150203704834,368.0,0
15.953,400.0,10.00150203704834,368.0,0
16.015,400.0,10.00150203704834,368.0,0
16.078,400.0,10.00150203704834,368.0,0
16.14,400.0,10.00150203704834,368.0,0
16.203,400.0,10.00150203704834,368.0,0
16.265,400.0,10.00150203704834,368.0,0
16.328,400.0,10.00150203704834,368.0,0
16.39,400.0,10.00150203704834,368.0,0
16.453,400.0,10.00150203704834,368.0,0
16.515,400.0,10.00150203704834,368.0,0
16.578,400.0,10.00150203704834,368.0,0
16.64,400.0,10.00150203704834,368.0,0
16.703,400.0,10.00150203704834,368.0,0
16.765,400.0,10.00150203704834,368.0,0
16.828,400.0,10.00150203704834,368.0,0
16.89,400.0,10.00150203704834,368.0,0
16.953,400.0,10.00150203704834,368.0,0
17.015,400.0,10.00150203704834,368.0,0
17.078,400.0,10.00150203704834,368.0,0
17.14,400.0,10.00150203704834,368.0,0
17.203,400.0,10.00150203704834,368.0,0
17.265,400.0,10.00150203704834,368.0,0
17.328,400.0,10.00150203704834,368.0,0
17.39,400.0,10.00150203704834,368.0,0
17.453,400.0,10.00150203704834,368.0,0
17.515,400.0,10.00150203704834,368.0,0
17.578,400.0,10.00150203704834,368.0,0
17.64,400.0,10.00150203704834,368.0,0
17.703,400.0,10.00150203704834,368.0,0
17.765,400.0,10.00150203704834,368.0,0
17.828,400.0,10.00150203704834,368.0,0
17.89,400.0,10.00150203704834,368.0,0
17.953,400.0,10.00150203704834,368.0,0
18.015,400.0,10.00150203704834,368.0,0
18.078,400.0,10.00150203704834,368.0,0
18.14,400.0,10.00150203704834,368.0,0
18.203,400.0,10.00150203704834,368.0,0
18.265,400.0,10.00150203704834,368.0,0
18.328,400.0,10.00150203704834,368.0,0
18.39,400.0,10.00150203704834,368.0,0
18.453,400.0,10.00150203704834,368.0,0
18.515,400.0,10.00150203704834,368.0,0
18.578,400.0,10.00150203704834,368.0,0
18.64,400.0,10.00150203704834,368.0,0
18.703,400.0,10.00150203704834,368.0,0
18.765,400.0,10.00150203704834,368.0,0
18.828,400.0,10.00150203704834,368.0,0
18.89,400.0,10.00150203704834,368.0,0
18.953,400.0,10.00150203704834,368.0,0
19.25,400.0,10.00150203704834,368.0,0
19.797,400.0,10.00150203704834,368.0,0
19.875,400.0,10.00150203704834,368.0,0
19.937,400.0,10.00150203704834,368.0,0
20.0,400.0,10.00150203704834,368.0,0
20.062,400.0,10.00150203704834,368.0,0
20.125,400.0,10.00150203704834,368.0,0
20.187,400.0,10.00150203704834,368.0,0
20.25,400.0,10.00150203704834,368.0,0
20.312,400.0,10.00150203704834,368.0,0
20.375,400.0,10.00150203704834,368.0,0
20.437,400.0,10.00150203704834,368.0,0
20.5,400.0,10.00150203704834,368.0,0
20.562,400.0,10.00150203704834,368.0,0
20.625,400.0,10.00150203704834,368.0,0
20.687,400.0,10.00150203704834,368.0,0
20.75,400.0,10.00150203704834,368.0,0
20.812,400.0,10.00150203704834,368.0,0
20.875,400.0,10.00150203704834,368.0,0
20.937,400.0,10.00150203704834,368.0,0
21.0,400.0,10.00150203704834,368.0,0
21.062,400.0,10.00150203704834,368.0,0
21.125,400.0,10.00150203704834,368.0,0
21.187,400.0,10.00150203704834,368.0,0
21.25,400.0,10.00150203704834,368.0,0
21.312,400.0,10.00150203704834,368.0,0
21.375,400.0,10.00150203704834,368.0,0
21.437,400.0,10.00150203704834,368.0,0
21.5,400.0,10.00150203704834,368.0,0
21.562,400.0,10.00150203704834,368.0,0
21.625,400.0,10.00150203704834,368.0,0
21.687,400.0,10.00150203704834,368.0,0
21.75,400.0,10.00150203704834,368.0,0
21.812,400.0,10.00150203704834,368.0,0
21.875,400.0,10.00150203704834,368.0,0
21.937,400.0,10.00150203704834,368.0,0
22.0,400.0,10.00150203704834,368.0,0
22.062,400.0,10.00150203704834,368.0,0
22.125,400.0,10.00150203704834,368.0,0
22.187,400.0,10.00150203704834,368.0,0
22.25,400.0,10.00150203704834,368.0,0
22.312,400.0,10.00150203704834,368.0,0
22.375,400.0,10.00150203704834,368.0,0
22.437,400.0,10.00150203704834,368.0,0
22.5,400.0,10.00150203704834,368.0,0
22.562,400.0,10.00150203704834,368.0,0
22.625,400.0,10.00150203704834,368.0,0
22.687,400.0,10.00150203704834,368.0,0
22.75,400.0,10.00150203704834,368.0,0
22.812,400.0,10.00150203704834,368.0,0
22.875,400.0,10.00150203704834,368.0,0
22.937,400.0,10.00150203704834,368.0,0
23.0,400.0,10.00150203704834,368.0,0
23.062,400.0,10.00150203704834,368.0,0
23.125,400.0,10.00150203704834,368.0,0
23.187,400.0,10.00150203704834,368.0,0
23.25,400.0013122558594,10.00153923034668,368.0,0
23.312,400.04315185546875,10.002796173095703,368.0,0
23.375,400.16546630859375,10.00658130645752,368.0,0
23.437,400.3327941894531,10.011224746704102,368.0,0
23.5,400.55645751953125,10.014447212219238,368.0,0
23.562,400.83563232421875,10.014799118041992,368.0,0
23.625,401.17034912109375,10.012537956237793,368.0,0
23.687,401.6319885253906,10.008732795715332,368.0,0
23.75,402.0896911621094,10.006569862365723,368.0,0
23.812,402.60528564453125,10.006474494934082,368.0,0
23.875,403.17864990234375,10.008176803588867,368.0,0
23.937,403.91998291015625,10.010866165161133,368.0,0
24.0,404.6166687011719,10.012312889099121,368.0,0
24.062,405.3695068359375,10.012269973754883,368.0,0
24.125,406.31890869140625,10.01070499420166,368.0,0
24.187,407.1940612792969,10.009072303771973,368.0,0
24.25,408.1263427734375,10.008111000061035,368.0,0
24.312,409.11602783203125,10.008222579956055,368.0,0
24.375,410.343017578125,10.009389877319336,368.0,0
24.437,411.4564208984375,10.010541915893555,368.0,0
24.5,412.6265563964844,10.011178016662598,368.0,0
24.562,413.8531494140625,10.011042594909668,368.0,0
24.625,415.13629150390625,10.010324478149414,368.0,0
24.687,416.7050476074219,10.009367942810059,368.0,0
24.75,418.1114807128906,10.008952140808105,368.0,0
24.812,419.8245544433594,10.009157180786133,368.0,0
24.875,421.3547058105469,10.009722709655762,368.0,0
24.937,422.9417419433594,10.010285377502441,368.0,0
25.0,424.58551025390625,10.01054573059082,368.0,0
25.062,426.5606384277344,10.009977340698242,368.0,0
25.125,428.258056640625,10.008131980895996,368.0,0
25.187,429.9546813964844,10.007075309753418,368.0,0
25.25,431.6513366699219,10.009185791015625,368.0,0
25.312,433.3480529785156,10.01300048828125,368.0,0
25.375,435.3451843261719,10.016847610473633,368.0,0
25.437,437.10064697265625,10.017681121826172,368.0,0
25.5,438.89691162109375,10.016880989074707,368.0,0
25.562,441.0420837402344,10.018548965454102,368.0,0
25.625,442.92193603515625,10.020092964172363,368.0,0
25.687,444.8400573730469,10.020752906799316,368.0,0
25.75,446.79736328125,10.020244598388672,368.0,0
25.812,448.7943420410156,10.018935203552246,368.0,0
25.875,451.1749572753906,10.017388343811035,368.0,0
25.937,453.2588195800781,10.016826629638672,368.0,0
26.0,455.3820495605469,10.01722240447998,368.0,0
26.062,457.9077453613281,10.018463134765625,367.98583984375,0
26.125,460.11273193359375,10.019726753234863,367.9428405761719,0
26.187,462.3551940917969,10.020872116088867,367.85943603515625,0
26.25,464.6347961425781,10.0214204788208,367.7306823730469,0
26.312,466.9523010253906,10.020648002624512,367.5713195800781,0
26.375,469.70458984375,10.018208503723145,367.3589782714844,0
26.437,472.105224609375,10.016119956970215,367.1604309082031,0
26.5,474.54400634765625,10.016072273254395,366.9498291015625,0
26.562,477.43731689453125,10.0183687210083,366.6916198730469,0
26.625,479.9590148925781,10.020094871520996,366.4615478515625,0
26.687,482.51959228515625,10.020763397216797,366.224853515625,0
26.75,485.1195373535156,10.020188331604004,365.9828796386719,0
26.812,488.202392578125,10.01862907409668,365.6953430175781,0
26.875,490.8846740722656,10.017480850219727,365.4453125,0
26.937,493.57373046875,10.01737117767334,365.1947326660156,0
27.0,496.2620849609375,10.018216133117676,364.9440612792969,0
27.062,499.40277099609375,10.01954174041748,364.65057373046875,0
27.125,502.1301574707031,10.01988410949707,364.39501953125,0
27.187,504.897705078125,10.019356727600098,364.1352233886719,0
27.25,507.7043762207031,10.018491744995117,363.8714904785156,0
27.312,511.02728271484375,10.018329620361328,363.55963134765625,0
27.375,513.916748046875,10.018695831298828,363.2886962890625,0
27.437,516.8448486328125,10.019023895263672,363.01446533203125,0
27.5,519.8120727539062,10.019074440002441,362.736572265625,0
27.562,522.8197021484375,10.018798828125,362.46026611328125,0
27.625,525.8690185546875,10.018381118774414,362.2191467285156,0
27.687,529.4794311523438,10.020817756652832,362.0318298339844,0
27.75,532.6175537109375,10.027456283569336,362.01177978515625,0
27.812,536.3185424804688,10.040675163269043,362.2019348144531,0
27.875,539.5110473632812,10.047327041625977,362.57305908203125,0
27.937,542.7088623046875,10.048352241516113,363.15118408203125,0
28.0,545.895751953125,10.044905662536621,363.9469299316406,0
28.062,549.5776977539062,10.03860092163086,365.15875244140625,0
28.125,552.6791381835938,10.034687995910645,366.4416809082031,0
28.187,555.7032470703125,10.033991813659668,367.94488525390625,0
28.25,558.6341552734375,10.036548614501953,369.6636657714844,0
28.312,561.4567260742188,10.040729522705078,371.5914306640625,0
28.375,564.1569213867188,10.044395446777344,373.7201843261719,0
28.437,567.1375732421875,10.045987129211426,376.4424133300781,0
28.5,569.4891357421875,10.042924880981445,378.93310546875,0
28.562,571.9552001953125,10.039238929748535,381.965087890625,0
28.625,573.5314331054688,10.041081428527832,384.2010192871094,0
28.687,575.486328125,10.041454315185547,387.4274597167969,0
28.75,576.9603881835938,10.03671932220459,390.3363037109375,0
28.812,578.240966796875,10.035508155822754,393.37371826171875,0
28.875,579.4666137695312,10.039013862609863,397.0309143066406,0
28.937,580.2614135742188,10.039164543151855,400.1705017089844,0
29.0,580.8501586914062,10.040815353393555,403.2898254394531,0
29.062,581.270263671875,10.0387544631958,406.394287109375,0
29.125,581.55859375,10.02826976776123,409.54705810546875,0
29.187,581.7325439453125,10.01639461517334,413.2839050292969,0
29.25,581.7095336914062,10.01784896850586,416.5299377441406,0
29.312,581.444091796875,10.02873706817627,420.3418884277344,0
29.375,581.005126953125,10.038066864013672,423.5361633300781,0
29.437,580.3738403320312,10.044209480285645,426.6305236816406,0
29.5,579.5547485351562,10.050646781921387,429.6136779785156,0
29.562,578.3626098632812,10.049832344055176,432.9560546875,0
29.625,577.3358154296875,10.04294490814209,435.2960205078125,0
29.687,575.645263671875,10.032608985900879,438.4956359863281,0
29.75,573.9620361328125,10.027944564819336,441.1466979980469,0
29.812,572.0675048828125,10.032535552978516,443.6949768066406,0
29.875,569.9697875976562,10.039567947387695,446.1246337890625,0
29.937,567.2777099609375,10.046339988708496,448.79010009765625,0
30.0,564.772705078125,10.047728538513184,450.9139404296875,0
30.062,562.0960083007812,10.045757293701172,452.8766784667969,0
30.125,559.2608642578125,10.041971206665039,454.6637268066406,0
30.187,555.78955078125,10.035812377929688,456.52423095703125,0
30.25,552.7024536132812,10.029558181762695,457.95245361328125,0
30.312,549.5499877929688,10.020772933959961,459.2940979003906,0
30.375,546.36474609375,10.010979652404785,460.6187744140625,0
30.437,542.6505737304688,10.013175010681152,462.2422180175781,0
30.5,539.4996337890625,10.02880859375,463.7635803222656,0
30.562,536.3980712890625,10.042864799499512,465.43096923828125,0
30.625,532.8410034179688,10.046903610229492,467.5450744628906,0
30.687,529.845458984375,10.039626121520996,469.4924011230469,0
30.75,526.9034423828125,10.02783203125,471.55975341796875,0
30.812,524.03759765625,10.019539833068848,473.76751708984375,0
30.875,520.825927734375,10.020702362060547,476.5473327636719,0
30.937,518.2107543945312,10.030110359191895,479.113525390625,0
31.0,515.7715454101562,10.04083251953125,481.81396484375,0
31.062,513.549560546875,10.04796314239502,484.6024475097656,0
31.125,511.54608154296875,10.052985191345215,487.4656982421875,0
31.187,509.4924011230469,10.054001808166504,490.8844909667969,0
31.25,507.97869873046875,10.048157691955566,493.8679504394531,0
31.312,506.5038757324219,10.03697681427002,497.3912658691406,0
31.375,505.49066162109375,10.032129287719727,500.4287109375,0
31.437,504.7095031738281,10.032227516174316,503.4673767089844,0
31.5,504.1575622558594,10.035813331604004,506.4912109375,0
31.562,503.8310852050781,10.041271209716797,509.4844970703125,0
31.625,503.72784423828125,10.045133590698242,512.9366455078125,0
31.687,503.8767395019531,10.042557716369629,515.9200439453125,0
31.75,504.2509460449219,10.040397644042969,518.9189453125,0
31.812,504.8544921875,10.040464401245117,521.9157104492188,0
31.875,505.8507385253906,10.039660453796387,525.3851928710938,0
31.937,506.95513916015625,10.038858413696289,528.3152465820312,0
32.0,508.28814697265625,10.038971900939941,531.18701171875,0
32.062,510.1264343261719,10.040178298950195,534.4405517578125,0
32.125,511.9381103515625,10.04150104522705,537.1278686523438,0
32.187,513.960205078125,10.042435646057129,539.7049560546875,0
32.25,516.184326171875,10.042634963989258,542.1566772460938,0
32.312,519.0208129882812,10.04195499420166,544.838623046875,0
32.375,521.6388549804688,10.040848731994629,546.9619140625,0
32.437,524.4153442382812,10.040061950683594,548.9092407226562,0
32.5,527.3377075195312,10.039909362792969,550.6699829101562,0
32.562,530.3869018554688,10.03918170928955,552.2479858398438,0
32.625,534.072509765625,10.034903526306152,553.8905639648438,0
32.687,537.3133544921875,10.027774810791016,555.1729736328125,0
32.75,540.6012573242188,10.017207145690918,556.4020385742188,0
32.812,543.9124755859375,10.008800506591797,557.634765625,0
32.875,547.2218627929688,10.015578269958496,558.9367065429688,0
32.937,551.046630859375,10.032449722290039,560.6177978515625,0
33.0,554.2689819335938,10.044754028320312,562.232666015625,0
33.062,557.41943359375,10.050712585449219,564.0263061523438,0
33.125,560.4796752929688,10.04936408996582,566.008544921875,0
33.187,563.9119262695312,10.042764663696289,568.5652465820312,0
33.25,566.715576171875,10.037001609802246,570.9664306640625,0
33.312,569.373779296875,10.03428840637207,573.5571899414062,0
33.375,571.8724365234375,10.03552532196045,576.3303833007812,0
33.437,574.567138671875,10.040358543395996,579.7830810546875,0
33.5,576.6761474609375,10.044866561889648,582.9160766601562,0
33.562,578.8875732421875,10.047747611999512,586.7562866210938,0
33.625,580.5582275390625,10.047354698181152,590.1925048828125,0
33.687,582.011962890625,10.045021057128906,593.7482299804688,0
33.75,583.2398681640625,10.042216300964355,597.409912109375,0
33.812,584.2490844726562,10.037606239318848,601.1115112304688,0
33.875,585.1619262695312,10.031282424926758,605.3980712890625,0
33.937,585.7839965820312,10.029695510864258,609.0245971679688,0
34.0,586.3099365234375,10.02584457397461,612.5966186523438,0
34.062,586.7611694335938,10.02138614654541,616.11181640625,0
34.125,587.12109375,10.01933479309082,619.5704345703125,0
34.187,587.3905029296875,10.022504806518555,623.5341186523438,0
34.25,587.4529418945312,10.029569625854492,626.866455078125,0
34.312,587.3040771484375,10.041607856750488,630.6665649414062,0
34.375,586.976318359375,10.0492582321167,633.8381958007812,0
34.437,586.4603271484375,10.05126953125,636.9192504882812,0
34.5,585.7554321289062,10.046582221984863,639.8984985351562,0
34.562,584.8654174804688,10.040323257446289,642.7625122070312,0
34.625,583.5989379882812,10.0342435836792,645.9413452148438,0
34.687,582.327392578125,10.032861709594727,648.5120849609375,0
34.75,580.8953857421875,10.035015106201172,650.9285278320312,0
34.812,579.0391235351562,10.039742469787598,653.539306640625,0
34.875,577.6028442382812,10.042872428894043,655.2592163085938,0
34.937,575.4556274414062,10.04488468170166,657.4546508789062,0
35.0,573.5046997070312,10.043920516967773,659.1314697265625,0
35.062,571.4677734375,10.04122257232666,660.6129760742188,0
35.125,569.0044555664062,10.037724494934082,662.0875854492188,0
35.187,566.8375244140625,10.035843849182129,663.1296997070312,0
35.25,564.6373901367188,10.035592079162598,663.9649658203125,0
35.312,562.0322265625,10.036173820495605,664.6824340820312,0
35.375,559.7568359375,10.036648750305176,665.0816650390625,0
35.437,557.4603271484375,10.037347793579102,665.2779541015625,0
35.5,555.1424560546875,10.037034034729004,665.2685546875,0
35.562,552.8004150390625,10.037603378295898,665.0492553710938,0
35.625,550.0635375976562,10.039432525634766,664.523193359375,0
35.687,547.734375,10.039015769958496,663.8436279296875,0
35.75,545.4267578125,10.034882545471191,662.9818115234375,0
35.812,543.1404418945312,10.02829647064209,661.966552734375,0
35.875,540.4823608398438,10.018810272216797,660.6465454101562,0
35.937,538.1994018554688,10.011749267578125,659.4315795898438,0
36.0,535.9035034179688,10.009257316589355,658.1585693359375,0
36.062,533.588134765625,10.01141357421875,656.83984375,0
36.125,530.854736328125,10.016708374023438,655.2791748046875,0
36.187,528.4957885742188,10.021899223327637,653.9684448242188,0
36.25,526.11474609375,10.024832725524902,652.6997680664062,0
36.312,523.7012939453125,10.025102615356445,651.4760131835938,0
36.375,520.8199462890625,10.023258209228516,650.072265625,0
36.437,518.2975463867188,10.020739555358887,648.8790893554688,0
36.5,515.7266235351562,10.017553329467773,647.69775390625,0
36.562,513.1109008789062,10.01549243927002,646.5223388671875,0
36.625,510.00640869140625,10.016459465026855,645.150146484375,0
36.687,507.30218505859375,10.018277168273926,643.9673461914062,0
36.75,504.55908203125,10.019946098327637,642.7753295898438,0
36.812,501.31048583984375,10.020551681518555,641.3694458007812,0
36.875,498.9587097167969,10.020000457763672,640.3538208007812,0
36.937,495.6231689453125,10.018548011779785,638.9150390625,0
37.0,492.7248229980469,10.0175199508667,637.6658935546875,0
37.062,489.78680419921875,10.017242431640625,636.4110107421875,0
37.125,486.29296875,10.018379211425781,634.9832153320312,0
37.187,483.2252502441406,10.021505355834961,633.836669921875,0
37.25,480.0762939453125,10.027905464172363,632.8118286132812,0
37.312,476.8448486328125,10.040203094482422,631.9420166015625,0
37.375,472.99530029296875,10.046562194824219,631.1281127929688,0
37.437,469.6402282714844,10.041792869567871,630.5882568359375,0
37.5,466.24249267578125,10.032129287719727,630.1876220703125,0
37.562,462.2330322265625,10.021587371826172,629.9043579101562,0
37.625,459.3441467285156,10.019547462463379,629.8511352539062,0
37.687,455.2777099609375,10.026139259338379,630.01318359375,0
37.75,451.78631591796875,10.037165641784668,630.385498046875,0
37.812,448.3055114746094,10.04715347290039,630.9813232421875,0
37.875,444.85003662109375,10.05146598815918,631.8040161132812,0
37.937,440.8712158203125,10.049444198608398,633.0513916015625,0
38.0,437.5148010253906,10.042155265808105,634.3477783203125,0
38.062,434.2109069824219,10.032666206359863,635.830322265625,0
38.125,430.9648132324219,10.025609970092773,637.4859008789062,0
38.187,427.2895202636719,10.022771835327148,639.6151733398438,0
38.25,424.3162841796875,10.025856971740723,641.586181640625,0
38.312,421.520263671875,10.037579536437988,643.6862182617188,0
38.375,418.4967346191406,10.050049781799316,646.2911376953125,0
38.437,416.1171569824219,10.053877830505371,648.6455078125,0
38.5,413.9401550292969,10.050193786621094,651.099853515625,0
38.562,411.9722900390625,10.04416561126709,653.6416015625,0
38.625,409.9488830566406,10.036367416381836,656.70166015625,0
38.687,408.6873779296875,10.033406257629395,658.9378662109375,0
38.75,407.1822509765625,10.033895492553711,662.120849609375,0
38.812,406.1356506347656,10.037535667419434,664.88037109375,0
38.875,405.19769287109375,10.04263973236084,668.1134643554688,0
38.937,404.6338195800781,10.045344352722168,670.8777465820312,0
39.0,404.288818359375,10.04548168182373,673.6189575195312,0
39.062,404.1592712402344,10.043307304382324,676.3214111328125,0
39.125,404.23046875,10.039153099060059,678.9874267578125,0
39.187,404.52734375,10.033226013183594,681.6672973632812,0
39.25,405.1551208496094,10.031280517578125,684.7943115234375,0
39.312,405.9363098144531,10.036430358886719,687.4532470703125,0
39.375,406.9408874511719,10.041666030883789,690.0725708007812,0
39.437,408.3911437988281,10.044574737548828,693.0534057617188,0
39.5,409.8676452636719,10.044239044189453,695.52490234375,0
39.562,411.55413818359375,10.042154312133789,697.9004516601562,0
39.625,413.77789306640625,10.039163589477539,700.5277709960938,0
39.687,415.89398193359375,10.037675857543945,702.6373291015625,0
39.75,418.1931457519531,10.037837028503418,704.59912109375,0
39.812,420.656005859375,10.038166046142578,706.411865234375,0
39.875,423.25555419921875,10.036073684692383,708.0929565429688,0
39.937,426.4349060058594,10.031407356262207,709.904296875,0
40.0,429.26947021484375,10.026946067810059,711.3369750976562,0
40.062,432.69439697265625,10.02294921875,712.8724975585938,0
40.125,435.7207946777344,10.021344184875488,714.0822143554688,0
40.187,438.2945556640625,10.020042419433594,715.0386962890625,0
40.25,441.9743347167969,10.019752502441406,716.2947387695312,0
40.312,445.1844177246094,10.019160270690918,717.306396484375,0
40.375,448.44091796875,10.019163131713867,718.2490234375,0
40.437,452.29766845703125,10.020758628845215,719.251953125,0
40.5,455.6494445800781,10.02184772491455,720.0328979492188,0
40.562,459.04443359375,10.022672653198242,720.7310180664062,0
40.625,463.05169677734375,10.02096176147461,721.4707641601562,0
40.687,466.5210266113281,10.017013549804688,722.0650024414062,0
40.75,470.01922607421875,10.013153076171875,722.6364135742188,0
40.812,474.1348571777344,10.012310028076172,723.2850952148438,0
40.875,477.69134521484375,10.015799522399902,723.8316040039062,0
40.937,481.27392578125,10.021065711975098,724.3734741210938,0
41.0,484.8824462890625,10.02497673034668,724.9140014648438,0
41.062,488.5165100097656,10.025834083557129,725.4537963867188,0
41.125,492.1773986816406,10.023797035217285,725.9859008789062,0
41.187,496.4862976074219,10.020416259765625,726.548095703125,0
41.25,500.2150573730469,10.022629737854004,726.9384765625,0
41.312,503.9777526855469,10.026850700378418,727.2289428710938,0
41.375,508.4063720703125,10.0286283493042,727.4561767578125,0
41.437,512.232177734375,10.025202751159668,727.58984375,0
41.5,516.083984375,10.018766403198242,727.6845703125,0
41.562,519.9607543945312,10.013341903686523,727.7186889648438,0
41.625,524.5123291015625,10.013306617736816,727.64794921875,0
41.687,528.4270629882812,10.018340110778809,727.4757080078125,0
41.75,532.3363037109375,10.024014472961426,727.2112426757812,0
41.812,536.8862915039062,10.028352737426758,726.791259765625,0
41.875,540.7748413085938,10.028646469116211,726.3306274414062,0
41.937,544.6678466796875,10.026398658752441,725.7685546875,0
42.0,548.5722045898438,10.022068977355957,725.1189575195312,0
42.062,553.1451416015625,10.015748023986816,724.2808227539062,0
42.125,557.076416015625,10.013055801391602,723.4860229492188,0
42.187,561.0196533203125,10.013164520263672,722.6268310546875,0
42.25,564.9730224609375,10.015752792358398,721.7005004882812,0
42.312,569.6033325195312,10.019035339355469,720.562255859375,0
42.375,573.59130859375,10.020796775817871,719.5535888671875,0
42.437,577.5978393554688,10.021424293518066,718.5178833007812,0
42.5,581.6139526367188,10.021430969238281,717.4242553710938,0
42.562,586.2935791015625,10.021430015563965,716.0232543945312,0
42.625,590.27783203125,10.027068138122559,714.65771484375,0
42.687,594.2174682617188,10.035553932189941,713.106201171875,0
42.75,598.0943603515625,10.047331809997559,711.3516235351562,0
42.812,601.8917846679688,10.053584098815918,709.3845825195312,0
42.875,605.6021728515625,10.051719665527344,707.2138671875,0
42.937,609.831787109375,10.039755821228027,704.4640502929688,0
43.0,613.3885498046875,10.026082038879395,701.958740234375,0
43.062,616.881103515625,10.016201972961426,699.3258666992188,0
43.125,620.8513793945312,10.015588760375977,696.0755004882812,0
43.187,624.1322021484375,10.02538776397705,693.111083984375,0
43.25,627.276611328125,10.039700508117676,689.97216796875,0
43.312,630.7493896484375,10.053666114807129,686.0888671875,0
43.375,633.5411987304688,10.05819034576416,682.5744018554688,0
43.437,636.147216796875,10.055203437805176,678.8943481445312,0
43.5,638.5535888671875,10.04772663116455,675.055908203125,0
43.562,641.0914916992188,10.03914737701416,670.3895263671875,0
43.625,643.0221557617188,10.035836219787598,666.2406005859375,0
43.687,644.7388305664062,10.035611152648926,661.9747924804688,0
43.75,646.2734985351562,10.035561561584473,657.615234375,0
43.812,647.6866455078125,10.031661987304688,653.1890869140625,0
43.875,649.2933959960938,10.020134925842285,647.9801025390625,0
43.937,650.724365234375,10.01276969909668,643.505615234375,0
44.0,652.2750244140625,10.025513648986816,639.0472412109375,0
44.062,653.9837646484375,10.04161548614502,634.6473999023438,0
44.125,656.1679077148438,10.052284240722656,629.710205078125,0
44.187,658.210693359375,10.056899070739746,625.6663818359375,0
44.25,660.4132080078125,10.05423641204834,621.8079833984375,0
44.312,662.7742919921875,10.046661376953125,618.1456298828125,0
44.375,665.7205200195312,10.037062644958496,614.1341552734375,0
44.437,668.3991088867188,10.035161018371582,610.9310302734375,0
44.5,671.2076416015625,10.036969184875488,607.95166015625,0
44.562,674.13134765625,10.042030334472656,605.202392578125,0
44.625,677.6686401367188,10.047815322875977,602.2901000976562,0
44.687,680.7922973632812,10.050138473510742,600.0502319335938,0
44.75,683.98486328125,10.049298286437988,598.049560546875,0
44.812,687.2318115234375,10.04614543914795,596.2902221679688,0
44.875,690.5183715820312,10.042360305786133,594.7733154296875,0
44.937,694.3827514648438,10.039410591125488,593.3101196289062,0
45.0,697.7030639648438,10.03966236114502,592.3157348632812,0
45.062,701.5647583007812,10.041342735290527,591.4572143554688,0
45.125,704.846923828125,10.042912483215332,590.9752807617188,0
45.187,708.0875854492188,10.043701171875,590.7219848632812,0
45.25,711.2723999023438,10.043391227722168,590.692138671875,0
45.312,714.3872680664062,10.042241096496582,590.8803100585938,0
45.375,717.4181518554688,10.040811538696289,591.2803955078125,0
45.437,720.8596801757812,10.03824234008789,592.0123901367188,0
45.5,723.7824096679688,10.034643173217773,592.8810424804688,0
45.562,726.66552734375,10.035566329956055,593.975830078125,0
45.625,729.9559936523438,10.04111385345459,595.53662109375,0
45.687,732.693603515625,10.044228553771973,597.113037109375,0
45.75,735.3370361328125,10.044363975524902,598.9039306640625,0
45.812,737.8714599609375,10.042975425720215,600.9029541015625,0
45.875,740.6690063476562,10.040536880493164,603.4884643554688,0
45.937,742.9133911132812,10.039008140563965,605.9118041992188,0
46.0,745.0015869140625,10.038752555847168,608.5158081054688,0
46.062,746.9156494140625,10.039482116699219,611.2816772460938,0
46.125,748.642333984375,10.040809631347656,614.1922607421875,0
46.187,750.4074096679688,10.042234420776367,617.7523803710938,0
46.25,751.7060546875,10.041987419128418,620.9259643554688,0
46.312,752.8336791992188,10.037875175476074,624.189208984375,0
46.375,753.979736328125,10.028712272644043,628.0826416015625,0
46.437,754.8532104492188,10.019702911376953,631.4774169921875,0
46.5,755.62158203125,10.014737129211426,634.9210815429688,0
46.562,756.2784423828125,10.01539421081543,638.4115600585938,0
46.625,756.8200073242188,10.02031135559082,641.9462890625,0
46.687,757.3455200195312,10.025202751159668,646.1170654296875,0
46.75,757.7396240234375,10.024881362915039,649.7255249023438,0
46.812,758.1016845703125,10.020904541015625,653.3624267578125,0
46.875,758.4987182617188,10.015630722045898,657.6394653320312,0
46.937,758.8233032226562,10.014554023742676,661.3328247070312,0
47.0,759.1383666992188,10.017975807189941,665.0518188476562,0
47.062,759.4459838867188,10.021919250488281,668.7974243164062,0
47.125,759.720703125,10.024314880371094,672.5703735351562,0
47.187,759.9751586914062,10.024041175842285,677.0070190429688,0
47.25,760.11962890625,10.025938987731934,680.840087890625,0
47.312,760.207763671875,10.027196884155273,684.6997680664062,0
47.375,760.2645263671875,10.02358341217041,689.235107421875,0
47.437,760.2879638671875,10.018523216247559,693.1488037109375,0
47.5,760.2722778320312,10.015206336975098,697.0677490234375,0
47.562,760.2073364257812,10.01536750793457,700.9841918945312,0
47.625,760.0794067382812,10.018211364746094,704.8985595703125,0
47.687,759.8256225585938,10.02359676361084,709.4681396484375,0
47.75,759.4947509765625,10.02949047088623,713.4010009765625,0
47.812,758.9152221679688,10.035433769226074,717.9967041015625,0
47.875,758.2149658203125,10.041938781738281,721.9283447265625,0
47.937,757.3052368164062,10.046010971069336,725.8387451171875,0
48.0,756.1734619140625,10.04634952545166,729.7125244140625,0
48.062,754.8121948242188,10.044154167175293,733.5340576171875,0
48.125,753.2174072265625,10.041370391845703,737.2869873046875,0
48.187,751.0616455078125,10.039613723754883,741.5570678710938,0
48.25,748.9638671875,10.040176391601562,745.1057739257812,0
48.312,746.6405639648438,10.042208671569824,748.5365600585938,0
48.375,744.0984497070312,10.044620513916016,751.83447265625,0
48.437,740.8711547851562,10.045975685119629,755.5001831054688,0
48.5,737.915771484375,10.04278564453125,758.5,0
48.562,734.803466796875,10.037491798400879,761.370849609375,0
48.625,730.9971313476562,10.031124114990234,764.5628051757812,0
48.687,727.5767822265625,10.029545783996582,767.1387939453125,0
48.75,724.0076904296875,10.03294849395752,769.5426025390625,0
48.812,720.293212890625,10.039684295654297,771.7568359375,0
48.875,715.7861938476562,10.047396659851074,774.0813598632812,0
48.937,711.7862548828125,10.050848960876465,775.8403930664062,0
49.0,707.6812133789062,10.048178672790527,777.4009399414062,0
49.062,703.490478515625,10.039473533630371,778.7922973632812,0
49.125,698.5220947265625,10.02437973022461,780.2680053710938,0
49.187,694.9332275390625,10.013814926147461,781.2572631835938,0
49.25,689.8558349609375,10.007623672485352,782.5521240234375,0
49.312,685.4514770507812,10.011541366577148,783.5536499023438,0
49.375,680.2451171875,10.027223587036133,784.5352172851562,0
49.437,675.727294921875,10.0411376953125,785.197021484375,0
49.5,671.1660766601562,10.04719352722168,785.7092895507812,0
49.562,666.5692749023438,10.04163646697998,786.1127319335938,0
49.625,661.16796875,10.024176597595215,786.4946899414062,0
49.687,656.5087280273438,10.008813858032227,786.7705078125,0
49.75,651.8948974609375,10.011445999145508,787.0072021484375,0
49.812,647.3662719726562,10.021832466125488,787.216064453125,0
49.875,642.1875610351562,10.030926704406738,787.4368286132812,0
49.937,637.8353881835938,10.032692909240723,787.61328125,0
50.0,633.5616455078125,10.0298490524292,787.7816162109375,0
50.062,629.36572265625,10.02389907836914,787.944580078125,0
50.125,624.5697631835938,10.017682075500488,788.12939453125,0
50.187,620.5944213867188,10.016934394836426,788.2816772460938,0
50.25,616.8013916015625,10.023856163024902,788.4257202148438,0
50.312,613.1849975585938,10.032613754272461,788.5618896484375,0
50.375,609.182861328125,10.037965774536133,788.712158203125,0
50.437,605.9351806640625,10.036437034606934,788.8338623046875,0
50.5,602.8531494140625,10.03060245513916,788.94921875,0
50.562,599.9136352539062,10.023040771484375,789.0591430664062,0
50.625,596.5618896484375,10.013041496276855,789.1939697265625,0
50.687,593.7517700195312,10.009625434875488,789.3506469726562,0
50.75,591.004638671875,10.015754699707031,789.582763671875,0
50.812,588.3272705078125,10.02768611907959,789.9339599609375,0
50.875,585.7291870117188,10.039597511291504,790.4281616210938,0
50.937,582.8109130859375,10.047499656677246,791.1914672851562,0
51.0,580.406005859375,10.045631408691406,791.9793090820312,0
51.062,578.0848999023438,10.035032272338867,792.859130859375,0
51.125,575.4669189453125,10.017173767089844,793.9501953125,0
51.187,573.2899780273438,10.008047103881836,794.9154052734375,0
51.25,571.169189453125,10.010903358459473,795.8922729492188,0
51.312,569.0985107421875,10.016769409179688,796.8689575195312,0
51.375,567.0736083984375,10.02299690246582,797.8391723632812,0
51.437,564.7647094726562,10.026859283447266,798.9564819335938,0
51.5,562.8285522460938,10.025923728942871,799.8984985351562,0
51.562,560.6139526367188,10.021546363830566,800.9686889648438,0
51.625,559.052001953125,10.018234252929688,801.6917114257812,0
51.687,557.1905517578125,10.018200874328613,802.4909057617188,0
51.75,555.0217895507812,10.02518081665039,803.2796630859375,0
51.812,553.1638793945312,10.033695220947266,803.8052368164062,0
51.875,551.3155517578125,10.039002418518066,804.2037353515625,0
51.937,549.1790161132812,10.036375045776367,804.5292358398438,0
52.0,547.3182983398438,10.024466514587402,804.7205200195312,0
52.062,545.413330078125,10.01276683807373,804.8279418945312,0
52.125,543.4695434570312,10.00821590423584,804.8262939453125,0
52.187,541.1653442382812,10.018789291381836,804.6405029296875,0
52.25,539.1759033203125,10.032872200012207,804.3001708984375,0
52.312,537.1917114257812,10.044754028320312,803.7805786132812,0
52.375,535.2308959960938,10.049304008483887,803.075439453125,0
52.437,532.9822998046875,10.043086051940918,802.0372314453125,0
52.5,531.0907592773438,10.030948638916016,800.984130859375,0
52.562,528.9095458984375,10.01516056060791,799.6148681640625,0
52.625,527.357177734375,10.00680923461914,798.5676879882812,0
52.687,525.4918823242188,10.006583213806152,797.25146484375,0
52.75,523.2996826171875,10.012210845947266,795.6519165039062,0
52.812,521.4003295898438,10.01887321472168,794.2368774414062,0
52.875,519.1572875976562,10.024803161621094,792.5416870117188,0
52.937,517.22705078125,10.02578353881836,791.0320434570312,0
53.0,515.3096313476562,10.023656845092773,789.4483642578125,0
53.062,513.163818359375,10.024468421936035,787.4885864257812,0
53.125,511.7467346191406,10.029090881347656,786.0294189453125,0
53.187,509.94744873046875,10.039624214172363,783.90087890625,0
53.25,508.590087890625,10.044672012329102,782.0021362304688,0
53.312,507.2355651855469,10.044536590576172,779.7125854492188,0
53.375,506.2793884277344,10.040400505065918,777.70068359375,0
53.437,505.6314697265625,10.036645889282227,776.0005493164062,0
53.5,504.9552001953125,10.032800674438477,773.602783203125,0
53.562,504.59039306640625,10.032215118408203,771.5498046875,0
53.625,504.4126281738281,10.034374237060547,769.1823120117188,0
53.687,504.4667663574219,10.037071228027344,767.1968994140625,0
53.75,504.7041320800781,10.039214134216309,765.2698364257812,0
53.812,505.1171875,10.039713859558105,763.4142456054688,0
53.875,505.71441650390625,10.036299705505371,761.5934448242188,0
53.937,506.6518859863281,10.031156539916992,759.5169677734375,0
54.0,507.6605529785156,10.032890319824219,757.802001953125,0
54.062,508.8536682128906,10.035357475280762,756.16845703125,0
54.125,510.223876953125,10.03743839263916,754.6354370117188,0
54.187,512.0335083007812,10.038204193115234,752.9989013671875,0
54.25,513.752685546875,10.038228988647461,751.74462890625,0
54.312,515.6134033203125,10.0377197265625,750.6452026367188,0
54.375,517.9435424804688,10.037099838256836,749.5765991210938,0
54.437,520.0590209960938,10.036945343017578,748.858642578125,0
54.5,522.2650756835938,10.037257194519043,748.335205078125,0
54.562,524.54345703125,10.0378999710083,748.0149536132812,0
54.625,527.2686157226562,10.037935256958008,747.8975830078125,0
54.687,529.6454467773438,10.034801483154297,747.9888305664062,0
54.75,532.0509033203125,10.02889633178711,748.2235107421875,0
54.812,534.4840698242188,10.020683288574219,748.5573120117188,0
54.875,537.3596801757812,10.011449813842773,749.0333862304688,0
54.937,539.8582153320312,10.008938789367676,749.4947509765625,0
55.0,542.3902587890625,10.011374473571777,749.9912719726562,0
55.062,545.3883056640625,10.01711368560791,750.6029052734375,0
55.125,547.9968872070312,10.022115707397461,751.1476440429688,0
55.187,550.6369018554688,10.024528503417969,751.705322265625,0
55.25,553.2838745117188,10.02383041381836,752.2417602539062,0
55.312,555.9381103515625,10.0209379196167,752.7278442382812,0
55.375,559.05517578125,10.021557807922363,753.2071533203125,0
55.437,561.7747802734375,10.02401065826416,753.5399169921875,0
55.5,564.539306640625,10.023816108703613,753.8252563476562,0
55.562,567.3469848632812,10.02054500579834,754.0807495117188,0
55.625,570.6739501953125,10.014898300170898,754.3546752929688,0
55.687,573.5682373046875,10.014190673828125,754.5746459960938,0
55.75,576.501953125,10.016364097595215,754.7861328125,0
55.812,579.4752197265625,10.019011497497559,754.9923706054688,0
55.875,582.9945068359375,10.021137237548828,755.2294311523438,0
55.937,586.054443359375,10.02117919921875,755.4318237304688,0
56.0,589.1544189453125,10.019837379455566,755.6356201171875,0
56.062,592.8203125,10.01826286315918,755.8765258789062,0
56.125,596.0045166015625,10.017717361450195,756.085693359375,0
56.187,599.227783203125,10.017729759216309,756.2970581054688,0
56.25,602.4902954101562,10.018195152282715,756.5103759765625,0
56.312,606.3460693359375,10.018850326538086,756.761474609375,0
56.375,609.6917724609375,10.019156455993652,756.9732666015625,0
56.437,613.0652465820312,10.01919937133789,757.1464233398438,0
56.5,616.464111328125,10.020645141601562,757.2449340820312,0
56.562,620.4591674804688,10.02741813659668,757.19580078125,0
56.625,623.9015502929688,10.038249969482422,756.9814453125,0
56.687,627.3552856445312,10.042402267456055,756.61962890625,0
56.75,630.8187866210938,10.03750228881836,756.1363525390625,0
56.812,634.8757934570312,10.022588729858398,755.4708251953125,0
56.875,638.3704223632812,10.008813858032227,754.83984375,0
56.937,641.8818359375,10.007454872131348,754.167236328125,0
57.0,645.4130249023438,10.013120651245117,753.462646484375,0
57.062,648.9578247070312,10.021069526672363,752.7024536132812,0
57.125,652.5068969726562,10.027240753173828,751.8567504882812,0
57.187,656.6334838867188,10.033326148986816,750.7045288085938,0
57.25,660.1538696289062,10.0383939743042,749.5726318359375,0
57.312,663.6610717773438,10.037982940673828,748.3232421875,0
57.375,667.1647338867188,10.029780387878418,746.9924926757812,0
57.437,671.2581787109375,10.01492691040039,745.3681030273438,0
57.5,674.7772216796875,10.008031845092773,743.929443359375,0
57.562,678.3004150390625,10.013118743896484,742.4374389648438,0
57.625,681.8153076171875,10.0209321975708,740.8668823242188,0
57.687,685.8746337890625,10.028481483459473,738.8785400390625,0
57.75,689.2916259765625,10.03780746459961,737.0027465820312,0
57.812,692.61865234375,10.047714233398438,734.9542846679688,0
57.875,695.7757568359375,10.050780296325684,732.7664184570312,0
57.937,699.2166748046875,10.049100875854492,730.049072265625,0
58.0,701.959228515625,10.044441223144531,727.6246337890625,0
58.062,704.9107666015625,10.037251472473145,724.7510986328125,0
58.125,707.1898803710938,10.03537368774414,722.2230224609375,0
58.187,709.2271728515625,10.035930633544922,719.641357421875,0
58.25,711.0238647460938,10.037959098815918,717.0226440429688,0
58.312,712.8214721679688,10.045005798339844,713.9453125,0
58.375,714.1107788085938,10.050443649291992,711.3040161132812,0
58.437,715.1709594726562,10.050695419311523,708.6734008789062,0
58.5,716.0057373046875,10.045350074768066,706.0668334960938,0
58.562,716.619140625,10.040140151977539,703.4998168945312,0
58.625,717.0147094726562,10.036669731140137,700.9856567382812,0
58.687,717.2111206054688,10.034778594970703,698.1387939453125,0
58.75,717.1633911132812,10.036806106567383,695.789306640625,0
58.812,716.870849609375,10.039531707763672,693.172119140625,0
58.875,716.3822631835938,10.044386863708496,691.0547485351562,0
58.937,715.675048828125,10.048238754272461,689.053466796875,0
59.0,714.8092651367188,10.046602249145508,687.1669311523438,0
59.062,713.7963256835938,10.041101455688477,685.4075927734375,0
59.125,712.4448852539062,10.033892631530762,683.532470703125,0
59.187,711.156982421875,10.030071258544922,682.090087890625,0
59.25,709.7662963867188,10.0296630859375,680.81005859375,0
59.312,708.2946166992188,10.031669616699219,679.69189453125,0
59.375,706.7701416015625,10.032726287841797,678.7154541015625,0
59.437,705.2217407226562,10.030220031738281,677.8490600585938,0
59.5,703.4412231445312,10.02114200592041,676.9061279296875,0
59.562,701.9754638671875,10.0132474899292,676.13134765625,0
59.625,700.6040649414062,10.023365020751953,675.343994140625,0
59.687,699.1476440429688,10.032696723937988,674.3756103515625,0
59.75,698.0341186523438,10.038269996643066,673.4951782226562,0
59.812,697.0518798828125,10.040093421936035,672.5701293945312,0
59.875,696.0938110351562,10.037321090698242,671.4144897460938,0
59.937,695.415283203125,10.030085563659668,670.3614501953125,0
60.0,694.8610229492188,10.02346420288086,669.2732543945312,0
60.062,694.4339599609375,10.020380973815918,668.1622314453125,0
60.125,694.0960083007812,10.020672798156738,666.8544921875,0
60.187,693.9393920898438,10.022967338562012,665.7393188476562,0
60.25,693.8995361328125,10.02612018585205,664.6432495117188,0
60.312,693.9910888671875,10.028504371643066,663.4037475585938,0
60.375,694.1409912109375,10.028636932373047,662.5524291992188,0
60.437,694.4591064453125,10.02679443359375,661.4188232421875,0
60.5,694.8232421875,10.024230003356934,660.5090942382812,0
60.562,695.26318359375,10.021524429321289,659.6629638671875,0
60.625,695.860107421875,10.01878833770752,658.7630615234375,0
60.687,696.4317016601562,10.018328666687012,658.07080078125,0
60.75,697.0484619140625,10.019378662109375,657.4539184570312,0
60.812,697.70068359375,10.0209321975708,656.9132080078125,0
60.875,698.4940185546875,10.022083282470703,656.3778076171875,0
60.937,699.1921997070312,10.02192497253418,655.9989624023438,0
61.0,699.899169921875,10.020800590515137,655.6921997070312,0
61.062,700.6080322265625,10.019217491149902,655.45556640625,0
61.125,701.3123779296875,10.017668724060059,655.2864990234375,0
61.187,702.1206665039062,10.016288757324219,655.1705322265625,0
61.25,702.7955932617188,10.016114234924316,655.1362915039062,0
61.312,703.5552978515625,10.016769409179688,655.16650390625,0
61.375,704.0764770507812,10.017346382141113,655.2302856445312,0
61.437,704.77197265625,10.01771068572998,655.3726806640625,0
61.453,704.9628295898438,10.017669677734375,655.4237060546875,1
